<?xml version="1.0" encoding="UTF-8"?>
<assembly xmlns="http://maven.apache.org/POM/4.0.0" xmlns:xsi="http://www.w3.org/2001/XMLSchema-instance"
	xsi:schemaLocation="http://maven.apache.org/POM/4.0.0 http://maven.apache.org/xsd/assembly-1.0.0.xsd">
	<id>package</id>
	
	<formats>
		<format>tar.gz</format>
	</formats>
	<includeBaseDirectory>false</includeBaseDirectory>

	<dependencySets>
		<dependencySet>
			<outputDirectory>lib</outputDirectory>
			<useProjectArtifact>true</useProjectArtifact>
			<scope>runtime</scope>
		</dependencySet>
	</dependencySets>

</assembly>
